<?xml version="1.0" encoding="UTF-8"?>
<beans xmlns="http://www.springframework.org/schema/beans"
	xmlns:xsi="http://www.w3.org/2001/XMLSchema-instance"
	xsi:schemaLocation="http://www.springframework.org/schema/beans http://www.springframework.org/schema/beans/spring-beans.xsd">

	<bean id="contact" class="com.gdu.app01.xml02.Contact">
		<property name="tel">
			<value>02-2108-5900</value>
		</property>
		<property name="fax">
			<value>02-2108-5909</value>
		</property>
	</bean>
	
	<bean id="address" class="com.gdu.app01.xml02.Address">
		<property name="roadAddress">
			<value>서울특별시 금천구 가산디지털2로 95 3층</value>
		</property>
		<property name="jibunAddress">
			<value>서울특별시 금천구 가산동 550-7 3층</value>
		</property>
		<property name="contact">
			<ref bean="contact" />
		</property>
	</bean>
	
	<bean id="academy" class="com.gdu.app01.xml02.Academy">
		<property name="name">
			<value>구디아카데미</value>
		</property>
		<property name="address">
			<ref bean="address" />
		</property>
	</bean>

</beans>