<?xml version="1.0" encoding="UTF-8"?>
<beans xmlns="http://www.springframework.org/schema/beans"
	xmlns:xsi="http://www.w3.org/2001/XMLSchema-instance"
	xsi:schemaLocation="http://www.springframework.org/schema/beans http://www.springframework.org/schema/beans/spring-beans.xsd">

	<!-- 
		안녕. 난 Spring Bean Configuration File이야.
		난 IoC Container(스프링 컨테이너)에 Bean을 만들어 두는 파일이지.
		내가 <bean> 태그를 사용하면 Bean이 만들어져서 보관돼.
	-->
	
	<!-- 
		default constructor + setter
		<property name="stuNo"> 태그는 setStuNo() 메소드를 이용한다.
		<property name="name"> 태그는 setName() 메소드를 이용한다.
		<property name="claculator"> 태그는 setCalculator() 메소드를 이용한다.
	-->
	
	<!-- 
		Calculator calc = new Calculator();
		Student student = new Student();
		student.setCalculator(calc);
		student.setStuNo("10101");
		student.setName("박예나");
	-->	
	<bean id="calc" class="com.gdu.app01.xml01.Calculator"/>
	<bean id="student" class="com.gdu.app01.xml01.Student">
		<property name="stuNo" value="10101"/>
		<property name="name" value="박예나"/>
		<property name="calculator" ref="calc"/>
	</bean>

</beans>